Year,Month,Day,Open,High,Low,Volume
2020,4,15,-0.006426528143538223,0.1411377387511688,0.05020879560381309,1.6461464482180626
2021,4,26,0.8794977212203781,0.8473873357810686,0.9138539962312452,-0.7389534172609213
2021,12,20,1.6322874221398942,1.7117245348282888,1.6871853200817926,-1.0068884071642776
2020,7,24,0.5205357198538632,0.629338637843747,0.5763900729095716,0.13407155857518935
2019,2,28,-0.4838768978100346,-0.5004736127095258,-0.46883491806039557,-0.27141934132319384
2019,2,1,-0.722838384202873,-0.6833503417251141,-0.6706851321926384,0.675350163954485
2020,1,31,-0.6263654201285409,-0.678205299379302,-0.6280499806895187,-0.5202161176620246
2021,5,26,0.8377336729323279,0.7880811156463515,0.8900621174260825,-1.2391212676870722
2018,2,12,-1.526368512349851,-1.5036288659112214,-1.503400890373358,0.33915727920482547
2021,2,8,1.3353101398631748,1.2638406376489573,1.3011858973803248,-1.1542474510096117
2018,11,7,-0.952256447283622,-0.8543469141914367,-0.9133622960053054,1.5855854436096661
2018,4,17,-0.7938936305712332,-0.7602426913123372,-0.7918334837527973,2.0103250698547064
2019,8,19,-1.015091241592246,-1.011592666689098,-0.972841993018214,-0.5950527734211336
2020,7,2,0.6799380612230653,0.6771389762984285,0.652428822403358,-0.22859238787105587
2019,5,13,-0.580066112925633,-0.6139413099707268,-0.6078745150464979,0.2070099947823818
2018,4,4,-1.3233126739985535,-1.2121488623555912,-1.2919386620363138,1.477854983286529
2019,1,18,-0.5830898204443338,-0.6257278206297154,-0.6684961746582965,2.0103250698547064
2022,1,20,0.9833404857557799,0.9985528498605594,0.9512547630957017,1.411547314007263
2018,11,23,-1.4510613119294273,-1.4442290092405266,-1.4287895965073716,-0.5162896635203896
2018,12,20,-1.4082577389845652,-1.4030701484533215,-1.475992598406052,2.0103250698547064
2021,7,19,1.0617658254995523,1.0759125121778343,1.0969562003482682,-0.869748545290219
2020,12,29,1.0036557395437695,1.0912537033417147,1.0326228648915905,-0.8342284369625808
2019,8,29,-1.1213908015575669,-1.1221605498763902,-1.0657255830410874,-0.739031426283603
2020,2,27,-0.3989318328240228,-0.2650260583916527,-0.34616384818970014,0.9717584471365849
2018,6,15,-0.21704147466114115,-0.19673979511915574,-0.1852355418845687,1.6531412572518362
2019,2,14,-0.5851685768436165,-0.5560381786049747,-0.5581020854043749,0.5368841486948411
2021,11,24,2.3086362496430204,2.259512273680239,2.32328466824709,-1.3946192528988415
2021,9,16,1.6121613248755455,1.5676680917753036,1.6249453939741756,-1.4037983145676969
2018,11,28,-1.3389032194337018,-1.2711744722199554,-1.366930711613947,1.9686097449757802
2020,2,28,-0.46743599369056293,-0.4033762292038193,-0.47749519049572975,1.0239984893256227
2021,6,8,0.7872768529308556,0.7383161685444194,0.7841406254017372,-1.2628620135898054
2020,3,20,-0.6743657376144383,-0.649207205411716,-0.7135105140419327,0.9421410215251795
2021,4,21,0.8912142004525024,0.8939718491844392,0.9195641042449935,2.0103250698547064
2021,3,12,0.9337340244386304,0.9973367441802697,0.9480190961284536,-0.8448116610397028
2018,3,23,-1.0041305380582004,-1.0338559457908083,-1.0146206749513538,0.5978872044317658
2019,5,21,-0.5927275432771754,-0.5936426395162665,-0.5428752258685607,-0.8331883166601608
2021,12,7,1.9478792313871072,1.9550299531229072,1.9454700896251682,-1.0675274207953556
2019,9,3,-1.1608869274738443,-1.1785669652914992,-1.1316765949549878,-0.9225346506380269
2020,3,5,-0.308789720933783,-0.26652278369659554,-0.3648165955221844,0.3943096582406386
2018,12,14,-1.340509646730447,-1.330387065172995,-1.3511328660203124,0.6981027955699196
2019,4,18,-0.5544598150758571,-0.5564124254113053,-0.5266013713972958,0.2919098144674032
2019,5,30,-0.5965073099594482,-0.614409202667334,-0.5583875784332855,-0.8379728700512922
2020,8,27,1.1726012207595677,1.1328804474712275,1.0875347115089389,0.4764531591242471
2019,7,22,-0.9607603553877492,-0.9854940874578423,-0.9627542554383275,2.0103250698547064
2019,4,25,-0.3703018274555465,-0.42217817435333677,-0.392795873547311,-0.25355527512913256
2020,2,5,-0.36425442186699475,-0.4175946612401091,-0.4251530571243701,-0.2063598164068314
2018,2,16,-1.2751234834545095,-1.2902573269774036,-1.2493987732159306,0.2813005873827208
2020,9,16,0.8155288192686961,0.7929452483842314,0.7264691397282758,-0.7373672337997312
2020,4,9,-0.4027113065919526,-0.4470606479043028,-0.41820572382899585,0.12499650893657578
2019,5,31,-0.6279718568741356,-0.6599645934790909,-0.609587463703209,-0.5739383312820104
2018,4,13,-0.9107758550399639,-0.9578990822592218,-0.9397235930371596,1.2523048957067822
2018,10,31,-1.0952175916190086,-1.0139312415137,-1.0651545969832663,2.0103250698547064
2018,6,12,-0.4731996503203801,-0.5043089128390711,-0.42800796837997124,-0.764384358655087
2019,8,20,-1.030965243071786,-1.0747341869533604,-1.0401254928964763,0.031021639612941604
2021,5,5,0.8627730681421718,0.822130615423772,0.8341988335753154,-1.0664352944778148
2021,3,4,1.0187736724108862,1.0440146041363394,0.958392326737251,-0.5709739884201138
2018,10,2,-0.2768525614510645,-0.30955261659507405,-0.3154249215917078,0.36614840105262075
2021,10,12,2.072509588261887,2.037066765089386,2.0462521646742884,-1.0409783500760887
2019,7,8,-0.335340969902977,-0.3895317633448814,-0.30086431079645115,-1.0705957756874942
2022,2,4,-0.060190502259252814,-0.06662145446108574,-0.09834755290435414,0.14348464731208885
2020,4,23,0.05272336593455144,0.1732229198646177,0.11692131894100694,1.7478442107871646
2019,11,25,-0.9907133320085794,-0.9743624525841368,-0.9680836172571811,0.16727739922994314
2020,5,28,0.03363650041267128,0.023179874929439286,0.04307123196226419,-0.40967733252235383
2019,11,18,-1.1119419517828713,-1.0748278234893376,-1.081999142493055,0.36040173638175105
2018,7,13,-0.04242662688742727,-0.09253276062038736,-0.11319395174781859,2.0103250698547064
2019,1,9,-0.9068075082138876,-0.9030827387017546,-0.8895704172001418,1.5894598917361802
2018,7,24,-0.4416405298682973,-0.49102596685841776,-0.498812618737641,1.4616031035612187
2020,1,17,-0.6867437119215896,-0.7326473961304385,-0.6623103432694635,-0.30270095941847114
2018,9,4,-0.44608149871125397,-0.4771815009994798,-0.4350502693387842,0.09740731791488923
2020,2,18,-0.3248528789369624,-0.283921640077147,-0.26441499068216495,-0.534803804903463
2018,4,27,-0.9206027438452946,-0.9582730484365731,-0.9561876778545992,-0.04061664621622657
2018,11,14,-1.0703670694673117,-1.104293810153531,-1.2245601849778611,2.0103250698547064
2019,7,9,-0.3271205083943913,-0.32863518136924375,-0.28049831978795814,-0.0774369049218895
2020,6,24,0.5183626733826794,0.49080120331392574,0.4475331716500427,-0.6252162621913095
2019,11,13,-1.1589027446119564,-1.1831504784047264,-1.1975323537029043,0.5014160463823236
2020,7,17,0.767150755666506,0.7829360733005394,0.7343682052763655,2.0103250698547064
2018,10,24,-0.7691376914057814,-0.812813806597901,-1.01109922945265,2.0103250698547064
2020,4,8,-0.37483708637040425,-0.3882220211286145,-0.3679572853092421,-0.08365162372884838
2019,7,19,-0.8530435246493228,-0.8796969904557314,-0.8826230839047675,2.0103250698547064
2020,10,5,0.8798754673366703,0.9457008249670648,0.9014823334535792,-0.8171444609953346
2021,3,11,0.9308994828924193,1.0322280934773505,0.9872280648156055,-0.6542616216363841
2019,4,16,-0.5544598150758571,-0.518340361786685,-0.5163234129879863,2.0103250698547064
2018,3,5,-1.0472172741331112,-0.9633244448921087,-1.040886709300472,2.0103250698547064
2020,3,23,-0.6216409952411931,-0.5030930971420596,-0.6290017129422345,1.6170750857654275
2019,3,18,-0.4838768978100346,-0.4576310528830014,-0.4293404563443336,-0.009335028120949067
2018,5,1,-0.9762566107509956,-0.9954096260055576,-0.9543794760319039,-0.31047585867905964
2018,3,13,-0.8486025558063662,-0.8797906269917086,-0.8916641120517482,1.478687079528465
2020,11,20,0.6759694120337963,0.7003377414557753,0.7099100777306453,-0.7741614894978338
2018,4,11,-1.04693381808872,-1.0126214992974336,-1.000726008360605,1.9883980337293183
2018,8,13,-0.6972317934387544,-0.6800762808448747,-0.6462270141636699,-0.08885222524094767
2021,7,29,1.0042226516325508,0.9437367869320715,1.0165395357857974,-1.4287612018257736
2021,5,10,0.8345211018043313,0.7788201629006407,0.7531159202722888,-0.5458030771015531
2021,12,21,1.7372640014040115,1.75793479207103,1.7785458967748329,-1.2770596557178366
2018,7,10,0.03363650041267128,-0.004228156534805131,0.05810757564935816,0.559662783317836
2021,8,6,1.042395796847624,1.0004238219718324,1.0698336964291695,-1.3810716859598229
2020,3,24,-0.41282165144167493,-0.4392967010925136,-0.5133732390496498,1.146238627867517
2022,1,7,1.2829637199860582,1.2491543222703592,1.2490337088525936,-1.000829706402682
2019,3,27,-0.4977667164276863,-0.5371425969194801,-0.538687836165349,0.16168675260443666
2021,11,10,2.2613920007695447,2.2491291417734938,2.2377291577144867,-1.2545930571855677
2018,4,2,-1.1503042629704343,-1.1882018842145614,-1.2554896274245737,1.6057377744690513
2018,3,2,-1.2191864534187604,-1.1104676757533787,-1.1776423810887937,1.5900059548949508
2019,3,21,-0.37493166935664923,-0.38251603887107444,-0.34606888052626145,0.3415235528928306
2020,11,6,0.9573561488753682,0.8916332743598367,0.9091908831529487,-0.7786080037906786
2020,3,11,-0.5174202011240052,-0.5323718107342988,-0.5917911764239526,-0.31063187672442244
2019,9,13,-1.162871393801225,-1.1531232618455267,-1.1128333222570317,-0.16836942236094607
2018,8,16,-0.7916260011138043,-0.8299320527080991,-0.8161963486157815,-0.14065021630145663
2018,4,10,-1.0960679503033317,-1.131327585457145,-1.0971307488628845,0.8918772079107399
2020,9,8,0.80050518592233,0.9551487608014514,0.8377199840547224,-0.43110381075220294
2021,8,10,1.004600397748844,0.9438298528557918,1.008735732920443,-1.3703844498524589
2018,8,7,-0.5711841752397203,-0.58541080936217,-0.5516304754840853,0.19250031656362496
2019,7,5,-0.334396018783559,-0.3600657766806881,-0.2989608367742682,-0.9096891649031416
2018,11,12,-1.0741465526840912,-1.098213571735361,-1.1072184769260194,0.9606031568931319
2020,10,26,0.6930718112282948,0.7196075699476007,0.6845002274489604,-0.27160136237611715
2018,12,24,-1.62217983961641,-1.5831404099477,-1.6491975903086604,0.6024897367699736
2021,5,17,0.6794654392061846,0.6811612501623503,0.7217107639672429,-1.1767400525494411
2019,9,30,-1.4143051445731165,-1.4126114308404067,-1.372260063916049,-0.1308990884662704
2021,12,10,1.9190603529604853,1.850729282088162,1.8929374404050878,-1.165636768321109
2019,7,30,-0.7982400258767949,-0.8441507653733676,-0.7969723202061789,-0.31237407823097574
2020,12,11,0.7683791533814645,0.7805974984759368,0.8362925284269224,-1.0452428433160101
2021,7,9,1.1085377452704908,1.1072497609365781,1.1572926619504535,-1.1580178871058835
2019,8,8,-0.9699257491180535,-0.9684694872379208,-0.9549504525729733,-0.3444617895606286
2019,8,13,-0.9818313943226665,-0.9678146114526373,-0.9403898322609645,-0.5047703311710895
2021,3,30,0.9149309078754844,0.8841493765604442,0.9510645327495276,-1.2513946872556267
2018,11,6,-0.9346814355210924,-0.932361742277272,-0.9676078938820963,0.644822633078462
2018,7,25,-0.5301762050129425,-0.5295656331963677,-0.4884393976455957,0.3217092611317321
2018,10,22,-0.7613895684485825,-0.7866218808139467,-0.8244758748562209,2.0103250698547064
2019,10,10,-1.395690901068117,-1.3036339001397348,-1.350847372991402,0.9305176771456377
2021,11,29,2.3576757988713877,2.3207828218332276,2.3917101307242428,-1.222453339840794
2021,1,21,1.594681179564754,1.5795482389702695,1.5552832772204885,1.1887275422213681
2021,11,11,2.2352184979166436,2.3004841513787673,2.3100568214019885,-1.1343291472182713
2018,7,18,-0.3065220914763541,-0.3438827359971477,-0.32941456536264724,2.0103250698547064
2020,6,23,0.49908693480265265,0.5062360310137838,0.547459062631729,-0.3334105113474175
2018,5,23,-0.7997518701872953,-0.7005622150169897,-0.7507210505602145,0.7328948196858637
2021,2,9,1.250270491890918,1.3667379299314593,1.29452405711386,-0.9171520280730042
2021,12,9,2.0211078171409955,1.9676580233182779,1.9363337987954525,-1.2622639444159143
2018,9,14,-0.42642801401493546,-0.45650858373868897,-0.41411359680851945,-0.6433663614685361
2019,10,2,-1.4179903377179945,-1.408214900815855,-1.377874918763813,0.11142293898999654
2019,9,20,-1.2606667527480755,-1.2852059211675693,-1.341616114498247,2.0103250698547064
2020,10,29,0.7069616298459465,0.879379160987519,0.6886876171521723,1.0115430487041446
2020,8,26,0.7447570289447266,1.2080888080358536,0.8099309458925221,2.0103250698547064
2021,12,22,1.792256373234686,1.8234148871598952,1.862007997958376,-1.2728211654854757
2019,10,9,-1.3574231728667991,-1.3927803630992757,-1.3552250025575399,-0.11342506738561675
2018,10,9,-0.6160662116695221,-0.5722212192885152,-0.5699027716409725,0.3963898988454781
2021,2,19,1.2691681914403081,1.207621205322525,1.2546488492029024,-1.1412979532444845
2020,5,20,0.38333852506263727,0.3359876715311426,0.3523656564293887,-0.4221067701362712
2021,3,3,1.2496090062647407,1.1984541790960688,1.0547970672395306,-0.48578813565192713
2021,5,3,0.9351515786772298,0.9266182601928942,0.9347909637808076,-0.8161563467080356
2018,10,26,-1.0693275448104984,-0.9906391298036544,-1.091325663668946,2.0103250698547064
2018,4,3,-1.2116272035197082,-1.203355802306488,-1.2273198335507265,1.4208823937214814
2021,8,11,0.9762538484247584,0.9324178789864119,0.9782822993513617,-1.4449090695208417
2019,5,20,-0.5900818747891103,-0.6311531926169022,-0.5859861007467656,-0.678444418667646
2019,11,29,-0.9250437126882513,-0.9660372758773411,-0.8910931355106783,-1.2530588797394984
2022,1,10,1.1793095355944603,1.1580435312925474,1.135784708343071,-0.7136524909045583
2020,8,11,0.6242841943173635,0.5708742672286891,0.5669682890509444,0.025639017047918586
2019,7,31,-0.8364134545573616,-0.8243196976322364,-0.841701166560905,-0.25251515482671283
2019,9,12,-1.1865878083098649,-1.18951133644755,-1.1455709760431907,-0.5771887072270725
2020,10,15,1.2457352329760603,1.2284811150262898,1.2193414916875067,-0.550613633500245
2019,9,4,-1.1568239882126736,-1.192785397327789,-1.1464274456131707,-0.6703834863238921
2018,11,13,-1.1213908015575669,-1.0882980331876455,-1.1217790972380277,1.3005664777390638
2020,6,12,0.1447550682515844,0.1325316617907412,0.05211226010924486,-0.20009309158475183
2021,1,27,1.2947747822044267,1.2771235836296102,1.0350020527721069,0.3743653514417377
2021,7,20,1.0619549820231924,1.0920958428446514,1.0784936833619578,-0.0780609771033415
2019,9,11,-1.2092649910760342,-1.1902598394145105,-1.1645095114238833,0.04558332384681952
2020,1,29,-0.6111529137240282,-0.6594033542297846,-0.651175905773423,0.10736646981055932
2019,7,1,-0.379656094243997,-0.4044050618121549,-0.33284045315931776,-0.5819472576106434
2018,12,11,-1.3190608616792363,-1.360040315554843,-1.3724502942622232,0.6793546271188016
2018,12,17,-1.3905884371501336,-1.3742587475911332,-1.388438655704578,0.6251383563551665
2021,10,29,2.450841325365985,2.5357444419789856,2.514952177136008,-0.8875085994540381
2022,1,18,1.0053564663612653,0.952810185976849,0.9679090782593159,-0.6218618742160056
2020,11,24,0.6156857032269918,0.6001529901752276,0.6558550052193263,-0.9569366296405638
2018,9,17,-0.4673414107043179,-0.49168083328940154,-0.5463011231819834,-0.04126672140523891
2020,6,5,-0.06037937531739939,0.0032551706523304114,-0.025925216572709697,-0.5541240395209119
2021,8,2,0.9951515479741484,0.9350367928066874,0.9853248953294714,-1.334994356562623
2019,3,22,-0.3565062989097964,-0.40655665354808096,-0.4466607157124559,0.37202508076129287
2019,2,5,-0.5714676312841109,-0.5602477255408506,-0.5146104643312758,0.47221466889188596
2020,7,9,0.8949936836692814,0.8428971692205396,0.8451430407251814,-0.36146775650519325
2021,12,30,1.883248843809249,1.8775760743031,1.9439470858120858,-1.4575985372103641
2021,4,15,1.2329789361727796,1.2497155521653667,1.291288104644067,-1.0639130027444466
2020,6,30,0.3433697865783298,0.3526383055737128,0.38091591099558475,-0.7884371406485462
2020,10,30,0.8346156847905762,0.8043575028825901,0.6208331312160894,0.15011541424001548
2019,8,30,-1.085674158858069,-1.1314212219931221,-1.1051247820744134,-0.7239756849060754
2018,10,17,-0.33401827266726586,-0.373161739572665,-0.4803501017513309,2.0103250698547064
2019,12,11,-1.1262098094311592,-1.126837699525595,-1.0732436073749851,-0.4266572964593581
2020,4,27,0.10695966915280374,0.08519892604938882,0.13195765311134874,-0.24783461346582342
2020,7,16,1.0658287553118728,1.081805767507328,0.9267966355499816,2.0103250698547064
2019,7,15,-0.3849474312201266,-0.4322809766187067,-0.4251530571243701,0.1856875285827748
2021,12,3,1.9754697120987716,1.9233187381868104,1.7798783847391941,-0.6254762922669145
2021,6,22,0.8018281666235335,0.8761048194783009,0.8453332710713565,-0.3695806948640681
2021,8,30,1.3565700518562387,1.3775886645515327,1.4225244792866583,-1.2470521849930236
2019,11,8,-1.180634985707558,-1.1777251157718396,-1.1369106940911053,-0.7076978021732045
2019,12,6,-1.029736845356826,-1.0480743778270982,-0.9933029516901453,-0.7210113420441788
2019,7,24,-0.974839047063547,-0.9345133340131986,-0.9490501142130503,1.230254345295481
2021,1,6,0.928726143506892,0.8718952725424255,0.8805453659040167,-0.4900006228767276
2019,5,23,-0.5497353901885097,-0.5843816961248556,-0.5640974009444877,-0.4161000753897964
2018,8,9,-0.620979802529359,-0.6309662095282262,-0.5819889413897289,-0.6267504396373789
2021,3,15,0.9698286967199148,0.9432686136064846,0.9617232468704829,-0.9741506206456125
2021,11,9,2.2679117260117843,2.250719213631135,2.317765371101359,-1.252044762444639
2021,8,26,1.2517820527359256,1.2413900948295917,1.3221228649298862,-1.4652954274482712
2021,5,13,0.7129144524482527,0.6631075273508146,0.7207590221977758,-1.1748418329975248
2020,4,16,0.2203458664491457,0.2771490447554552,0.23445296231972618,2.0103250698547064
2018,3,8,-0.8643819742996611,-0.9071050219199758,-0.8835748161574835,1.0685936472918742
2019,8,1,-0.8450119456477333,-0.8541599311027608,-0.8397027343920346,-0.17354402086548482
2020,1,9,-0.6772948621468945,-0.7153418863025858,-0.6886719353206149,-0.6556137780295301
2018,3,16,-0.871752067675074,-0.8959736676752491,-0.8432238848714411,0.02680915238814119
2021,4,20,1.3298296463634047,1.343913420934741,1.3259292229356576,1.0471411660544647
2018,4,16,-0.9230595392752131,-0.9709014086152215,-0.9799795566597629,2.0103250698547064
2020,2,7,-0.4595932782982699,-0.4498671060712131,-0.4130666018730686,-0.7398895255330993
2021,12,16,1.733012481999037,1.7112569321149602,1.7227778756068022,-1.0628468794344663
2018,9,18,-0.5670266624411547,-0.4840102423846108,-0.527362873303837,0.8277797942741155
2021,2,25,1.2906172694058622,1.2776848135246166,1.2255276085788867,-0.7742915045356362
2020,3,13,-0.7858620515696436,-0.7808219813914506,-0.9477176262486885,0.5792430480108899
2018,11,21,-1.3158480070857463,-1.3521827415613767,-1.384346233664805,0.9861381103175397
2020,6,4,0.08229831297359602,0.08248609506415687,0.029081597708076484,-0.4732806890153284
2020,3,12,-0.8237520336546693,-0.787370103151928,-0.9483838749892455,1.2588056475969063
2020,10,12,1.276821740860111,1.2340004041784325,1.249224224701314,-0.47832527248206463
2019,11,20,-1.0646031199231512,-1.0443327142335301,-1.0085298112259589,-0.5509516725985315
2020,10,1,0.872599956947502,1.0257736082528492,0.9195641042449935,0.24003381438421245
2021,6,2,0.8139226754374435,0.7794750293316249,0.8455237869200767,-1.2901651715283269
2021,9,29,1.6566656151890542,1.7772046299171542,1.7228731382895377,-0.262526312737504
2018,2,23,-1.253674698403299,-1.2524658736231364,-1.2292232980561577,0.01851419297634243
2019,4,10,-0.4525066409672483,-0.4774621206241325,-0.42562878049945524,-0.6981807014060629
2021,1,8,0.9224898743090433,0.8732050054043929,0.9282243861970794,-1.1068699712343868
2020,2,11,-0.37729388180032314,-0.3908415055611482,-0.354538637112875,-0.6390758652210543
2018,9,20,-0.410270273025511,-0.46427252119617834,-0.41687324538138515,-0.12026385837402744
2018,9,28,-0.3254197910257447,-0.3656784123855295,-0.31637636834187816,-0.030085428154225536
2020,8,14,0.6532922292676263,0.6401893818181204,0.6969671433926121,-1.114774885532778
2020,9,3,1.2408216421162224,1.2544863383505473,1.0882009507327437,0.47858540574420766
2021,1,7,0.893859868940567,0.9031388754108945,0.9464014101544784,-0.921598542365849
2021,5,20,0.7168828087231792,0.7746108965937442,0.7804292445761553,-0.9125494957347963
2020,1,27,-0.639971792150651,-0.6360176059837618,-0.6276695199971695,0.12452845480048698
2020,10,27,0.7212294874942339,0.6603946963655817,0.7228527265661334,-0.9369923228416631
2018,6,22,0.05952654722118146,0.005687382012910127,0.025465184545934067,0.8315762333779483
2020,3,19,-0.8442561605008044,-0.6677285309365798,-0.8579747355296244,0.8803058695463186
2020,11,16,0.6266464067610374,0.6144650587474951,0.6692733679131473,-0.8521185061642024
2021,9,20,1.6356888663260383,1.6055534622945273,1.5332043470720356,-0.9096891649031416
2021,10,4,1.8870286199403705,1.929211993516305,1.7863497091569378,-0.5810891583611469
2021,1,22,1.591373741985019,1.5350216807668486,1.4977064737079187,0.08326168180197904
2019,6,5,-0.5603180546919196,-0.5800787932819818,-0.5544856817589837,-0.5747964305315069
2019,12,18,-0.9205081608590496,-0.8842807935522372,-0.8695851819032953,1.0340876562590953
2018,11,8,-0.8095787589926265,-0.8217005031829814,-0.8599734627177912,0.9863721373855843
2018,12,19,-1.3579900849555815,-1.3004534757954727,-1.3628385750767191,1.7052252813955109
2020,2,4,-0.4977667164276863,-0.4707270157749792,-0.4841567452596479,-0.017968026631034164
2019,1,3,-1.3557221625838092,-1.3479731852712016,-1.3565574810051497,2.0103250698547064
2020,12,18,1.1293253281610176,1.0895699949480964,1.1329298066042215,-0.709335991649516
2019,8,26,-1.119123172100138,-1.1500361840539632,-1.0894221991635147,-0.6591501870577576
2018,5,25,-0.602649005619901,-0.6130061138983685,-0.553343709643342,0.15258569995826274
2021,4,1,1.098427409869618,1.1282032978220227,1.14254181129227,-0.8560189572982768
2019,10,28,-1.2815489186248472,-1.254804448447739,-1.233600927622296,-0.2554014886659278
2020,1,7,-0.7295469919521086,-0.778202786942195,-0.7296891058304622,-0.6571999614907202
2018,12,6,-1.3733917478837336,-1.2784708163184149,-1.3307668750118193,1.519537804406005
2018,6,26,-0.1927578551493765,-0.14136221231238316,-0.1705799539091217,2.0103250698547064
2020,9,17,0.5809140116469118,0.5473012552650107,0.5357533535753218,-0.4813936273742032
2021,8,12,0.9276866188500791,0.8709600671157673,0.9538244668249384,-1.4418407146287033
2018,2,6,-1.568321424247197,-1.4330037378308438,-1.5414678964616193,1.395113413229029
2020,2,26,-0.4475933430217544,-0.3544531409758467,-0.3994577138137752,0.4429612853863277
2020,3,26,-0.6583971625975039,-0.5243272536521563,-0.6209124170479697,-0.00025997848233590284
2021,1,13,0.7731035782688123,0.8648795480686181,0.8187817436933281,-0.5716760696242472
2020,10,23,0.703276436701069,0.6563724225016608,0.7078163828790394,-0.5987712035022846
2018,10,25,-1.00687078953251,-0.9349809367265276,-0.9680836172571811,1.5904220030159184
2021,8,9,1.015466801762138,0.9614159823082968,1.0565100063794903,-1.5245042756635219
2021,6,16,0.7683791533814645,0.7162398725313844,0.7547339012655608,-0.9614351499485296
2020,5,1,0.013416113076420658,0.07556400712632719,0.04526018949660604,0.2780502114376587
2018,9,5,-0.5072155662023813,-0.5285365106047535,-0.677061479430192,1.5243483608046968
2020,6,2,0.1151801212125398,0.07200932662143464,0.11882448842714097,-0.9714203048517606
2021,9,30,1.8365715070245556,1.86251579274715,1.9135886294231939,-0.1606985351305995
2021,10,22,2.2500532676537124,2.297116743945829,2.3300417711962886,-0.2716273653836777
2018,10,8,-0.6472475860053117,-0.626195423343044,-0.655363304993386,1.3378287875732553
2019,3,5,-0.5879088283179261,-0.5960745702478675,-0.5588633018083702,-0.33616683014883003
2020,6,9,0.07530596571447641,0.13879916392656635,0.12691379383815696,-0.11274898918904389
2019,9,10,-1.157674346896997,-1.1479782288540143,-1.1830669960736315,1.3234491243923008
2020,5,27,-0.0311824673089905,0.0011972154523815681,-0.08673740154998014,0.836178765716156
2021,2,24,1.191687509901611,1.2811458668478308,1.2571232902494045,-1.0363758177378808
2019,8,15,-1.0788709775714385,-1.1156124281159128,-1.132247581012809,0.6237081909393388
2021,5,27,0.8326312184631945,0.79706115878413,0.8714093700935979,-1.034087553072557
2020,11,11,0.654992956085123,0.6715263405935875,0.6784096587428639,-0.46027918523508005
2019,12,2,-0.9381774626934807,-0.9868971762268078,-0.9823587445402793,-0.2630983789038349
2019,3,29,-0.5340502617671163,-0.576617749313067,-0.506901924148657,-0.6565758893092685
2021,6,15,0.827245591415163,0.760860067270783,0.7939428699527127,-1.0730140553906204
2019,4,8,-0.4589320855864357,-0.504683168999701,-0.44770771064790726,-0.6700454472256056
2021,8,24,1.3020499996792514,1.266740451722865,1.3541942794922415,-1.331639968587319
2021,8,3,0.9515924922455502,0.8955619210420807,0.9364086497547829,-1.209451836060546
2019,2,4,-0.6716254955889784,-0.6350821199281248,-0.6250048390877428,0.47346281325478995
2020,4,22,0.15165283252445946,0.12261612324302594,0.05734635924536245,2.0103250698547064
2018,8,6,-0.669074410087158,-0.6352691030168007,-0.6208174493845311,0.25157914974107287
2018,11,26,-1.4469037896820123,-1.4372132847667196,-1.4577204545171896,1.3698384898802265
2019,1,2,-1.4589037249585277,-1.404473237222287,-1.4312640375538723,1.1568478549521994
2021,3,8,0.9522539778717273,0.9255894275845581,0.8172590253827916,-0.8447856580321423
2019,7,18,-0.849641787548836,-0.8422797932620942,-0.8248566210511157,2.0103250698547064
2020,11,13,0.6906150157983768,0.6458956447046392,0.6740317436741802,-1.099381105056964
2021,5,24,0.825544581132173,0.7891099482546866,0.8806406285867531,-1.252824852671454
2019,6,3,-0.6625546753960694,-0.6756797414660236,-0.7073246826530991,0.1609586683927425
2020,2,10,-0.4599713173289056,-0.4218042081759849,-0.4230593622727642,-0.5035481898157462
2018,4,26,-0.9796580549371393,-0.9659436393413643,-0.9649432129726694,0.529447288532539
2021,10,7,2.1595331167328373,2.122939737780945,2.126764091919495,-0.9552724371566921
2021,3,24,1.1348058216607866,1.0713289990646062,1.0756387721063565,-0.8134780369293045
2022,1,28,-0.2543642517430411,-0.3076816444838002,-0.3320792367553221,1.231502489658385
2019,9,26,-1.3914388052833075,-1.4203756582811746,-1.3968131591252073,0.11789768787256036
2021,4,14,1.3340817421482154,1.2626245319686675,1.2519844537960223,-0.9075829212907414
2018,3,15,-0.8552165805693572,-0.9026151359884256,-0.8454125473864856,-0.4128496994447343
2020,8,13,0.6115281904284263,0.6038949343977744,0.6611843575214286,-1.097768918588213
2019,10,1,-1.3826514411347892,-1.381555091689593,-1.3603641245134672,0.3691647499296382
2019,10,16,-1.2336431841251938,-1.2321669225396976,-1.2013392922305186,2.0103250698547064
2019,11,7,-1.1620207422025586,-1.138436946466929,-1.1296781627861179,-0.3385851098519562
2019,11,21,-1.01745345403592,-1.0027996066399945,-0.9775051060965104,0.06703580508422899
2020,7,10,1.00204901933268,1.2720724678030533,0.992652689317195,2.0103250698547064
2020,5,6,0.1475896097977955,0.18594462659596467,0.18477580487709033,-0.14819108849400073
2018,7,2,-0.26674222605019227,-0.2012296716964066,-0.256706440982795,0.2371214775374371
2019,3,1,-0.4858610712230723,-0.5334009333259125,-0.49757540297276626,-0.4431172002451524
2019,7,29,-0.7341768338532119,-0.7810092451091053,-0.7442497261424705,-0.3764714918675998
2018,10,11,-0.838492220405494,-0.8015885351882183,-0.8675867402176736,2.0103250698547064
2019,11,22,-0.9881619630412665,-1.0148667275693368,-0.9760776504687099,-0.32776785870678976
2020,11,9,0.6789931195524965,0.7105338902738444,0.5737253920001446,0.8292619657050642
2019,10,18,-1.1746824560195939,-1.206629863186727,-1.2715729660471187,2.0103250698547064
2019,5,22,-0.5260186827655269,-0.46240183906818355,-0.4727368147346973,-0.26034206010242217
2018,8,1,-0.7352163585100242,-0.7060812141858538,-0.6942867806516273,0.14559089092448907
2021,4,23,0.900757633213442,0.8400909916826085,0.8919655819315133,0.020048370422412098
2018,5,18,-0.83887024998728,-0.8743649743755432,-0.8010647422459525,-0.9498638115841089
2020,5,5,0.13114870567832387,0.10390752464620762,0.13880973324073878,-0.24554634880049966
2018,6,27,-0.057828289815578936,-0.07765946215311383,-0.16153892576214102,2.0103250698547064
2020,2,13,-0.34696315906319936,-0.3229291991117037,-0.2899198086272875,-0.7138345119574818
2020,6,15,0.07294375327080253,0.061719541267388316,0.08037702164653035,-0.7183850382805685
2020,2,25,-0.39382936890603937,-0.41385299764654154,-0.46873965537765966,-0.19486648706509202
2018,11,30,-1.1875327499804327,-1.2074717127063865,-1.1792603525653145,1.203809286606456
2021,10,11,2.0742103056305337,2.0535304253975792,2.0918377756182913,-1.1358373216567799
2022,2,3,0.07332178285258857,0.08763113740996854,-0.025639723543799623,0.6954764918063095
2021,9,2,1.6063030852594824,1.6731848684903394,1.6816654424142186,-0.27321354884486804
2020,11,17,0.6277802214897518,0.6325190715423085,0.6840245040738758,-0.918556190481271
2021,9,9,1.821642163750091,1.7730887101629567,1.8041459869194425,-1.1119925637238046
2020,6,19,0.33486587847420257,0.3187757888849682,0.36759251596520237,-0.33702492939832646
2020,9,23,0.73096179331332,0.6655397387113938,0.5902844444810234,-0.9111973393416505
2021,10,13,2.064572299332198,1.985805392020089,2.0472988741071942,-1.2508226210892956
2021,6,18,0.781607486372939,0.7913548865433113,0.8400039092525025,-0.5286410921116255
2020,8,3,0.7292607735814808,0.7782589236513344,0.7923251839787375,-0.35299077604047135
2020,5,26,0.13313287909136204,0.08052177640018436,0.05867884720972435,0.16914961577429913
2018,8,30,-0.4599713173289056,-0.40300197304318935,-0.413352085385227,0.9752168471421313
2019,3,28,-0.5592788229494497,-0.5982261619837936,-0.5498222736613899,-0.7461822533627395
2021,12,15,1.7433114069925626,1.7380100877939215,1.6895645079623083,-1.1348752103770416
2021,4,27,0.9348678391673448,0.8708664305797905,0.9288903399183391,-0.9021222897030371
2018,4,20,-0.7697046034945627,-0.7799801225174912,-0.7706110231743247,0.501364040367203
2020,10,22,0.7654500288490093,0.7038924219606674,0.7140022142678724,-0.06050894700000644
2019,1,28,-0.7462713521159714,-0.7819447311647422,-0.7432027312070192,0.3696328040657274
2020,6,1,0.04866014320788797,0.06387113300331533,0.08570638346538388,-0.9066988190336847
2019,4,29,-0.3779553674264998,-0.42386216337593424,-0.3602487451266233,-0.8864164731364974
2018,3,19,-0.9248548396301047,-0.9624825953724491,-0.9481936446430709,0.7006770933184086
2021,5,18,0.7060166881753787,0.6883642477081112,0.7538774221788291,-1.2689727203665222
2019,3,4,-0.5098612346904459,-0.5392005521194299,-0.5608617339772402,0.06667176297838233
2018,8,21,-0.7812322096685409,-0.7333022625614223,-0.7353989283416644,1.9639032006073307
2020,4,30,-0.03184395293516768,0.042543339957241376,0.00976260163503571,0.188105808285901
2018,12,18,-1.4209194528016005,-1.3483474414318315,-1.3674064254722802,0.8111638724429585
2021,7,2,1.1510575692566187,1.1098686654025556,1.1650012116498232,-1.366483998718384
2019,4,17,-0.45949898822636837,-0.47830397014379217,-0.5364988786310075,2.0103250698547064
2018,3,28,-1.0893590590886033,-1.1327309548550897,-1.1930597659900792,2.0103250698547064
